{"cameraMode":{"drawMode":0,"name":"Shaded","section":"Shading Mode"},"sceneLighting":false,"audioPlay":false,"sceneViewState":{"showFog":true,"showMaterialUpdate":false,"showSkybox":false,"showFlares":true,"showImageEffects":true,"showParticleSystems":true},"in2DMode":false,"pivot":{"x":-0.03866413235664368,"y":-0.05016409233212471,"z":-0.051251575350761417},"rotation":{"x":-0.039216313511133197,"y":0.06500111520290375,"z":-0.0025563074741512539,"w":-0.9971134662628174},"size":1.3698210716247559,"orthographic":true}