{"cameraMode":{"drawMode":0,"name":"Shaded","section":"Shading Mode"},"sceneLighting":false,"audioPlay":false,"sceneViewState":{"showFog":true,"showMaterialUpdate":false,"showSkybox":false,"showFlares":true,"showImageEffects":true,"showParticleSystems":true},"in2DMode":false,"pivot":{"x":-0.34183740615844729,"y":-0.11795046925544739,"z":-0.6462891101837158},"rotation":{"x":-0.039216313511133197,"y":0.06500111520290375,"z":-0.0025563074741512539,"w":-0.9971134662628174},"size":2.1434128284454347,"orthographic":true}