{"cameraMode":{"drawMode":0,"name":"Shaded","section":"Shading Mode"},"sceneLighting":true,"audioPlay":false,"sceneViewState":{"showFog":true,"showMaterialUpdate":false,"showSkybox":true,"showFlares":true,"showImageEffects":true,"showParticleSystems":true},"in2DMode":false,"pivot":{"x":-4.430844306945801,"y":-0.1179490014910698,"z":-1.1816853284835816},"rotation":{"x":-0.03772059828042984,"y":0.0650048777461052,"z":-0.002458801958709955,"w":-0.99717116355896},"size":16.51576042175293,"orthographic":true}